Username,password,account_type
techlead,7919974879587110583098436124981641775416119026175675066071958229759937105394928707531149149271925416709366336864370411083033827764688733386846824917828249,Admin
henggy,7078872705259099915003942808947643209417224607730108032291295276725583864262101567333679288683624874337007137548173008290131348247405694996962695965983122,Admin
wooniety,9511515681681508107189728441418480391388758570448340686317971208671358778349551971566874832290320603204163912090543803778304682956199801707290371831681237,Admin
admin,10457924210718160207681972802749117072922797135602839626900215053559970482785749660338994968136107947040183724309665725980770051484060436763008759101421548,Admin
guest,9263884422327686458046607542859857366556967939669201529108160318755692986043537943383393947992906851746100869911816029561867002982228347389604305988832828,Customer
trash racoon,2483970085216858752992055543300000517894610764799076990239073370703032959019603453362049753440017631511261652976929591267171687381809883579466381632366357,Admin
danger noodle,3999117691636294031605021867735221865570007943968444454588452336818194003877306009028288211454779200633930587752149598409709058398866046257320935096193404,Customer
bob,214127712190259161295496328108490485723431115104671687656724058848925800951883133075992116079180198554362894303432485221242435103538735993489020042359983,Customer
sonic_speed,9135120259091617066876767961241379569903044236930658475916275252907475025791352500083997231476994462870535870179743996967142008535361294708668345694111148,Customer
winnie the pooh,3437002493467864504734943701426127592128639686387941259434532509691394269733875922161709463010375808161737989259322675074641971804116010975539395950221932,Customer
samuel,8324088228859982124768812111716962046294548825276674436498802172246640164717551033611902990614450546392078252059128174136373038214984268894910106187314421,Customer
georgia,6734785596374672657992495372561630749869066066814646519726514011091908129176601921311147899839835683595015915553990730999170818480161348938178948200076620,Customer
sarah,1897912806756863911239504460638437249531836609581632733924000540093763383341007462483817282803975731555447207170004507320998547192643724140643454738384943,Customer
ian,3056197350802207748749094903888861484107964806871946141268031984482538703390687235277972198030403668612283714812631956793242633607533598845307697774603009,Customer
hermoine,11946608179166418029987888099138374188859660737300264163591500686216179849222952470699590373918791743269241525838756111940261010193314742554194555218465858,Customer
peter pan,7359881204382735112909117848616713531240423329053657594392853847411036114863006897253696713964246342433375570086524111828667161977072777808877331492962055,Customer
carole,12764282620905505395531497695645067476170315375452196950541166738691364741995023679399753155674669391002359635069269562507181048521209497276892821448557403,Customer
tuesday,4468225957060488729771267943631089691174511989840822801487236707143551709725738447470493714953433752119840468744523739060586303951311235397908292444629182,Customer
